{"Iteration": 0, "Steps": 999, "Epsilon": 0.905095, "Episodes": 58, "AverageReturn": 0.0, "AverageDiscountedReturn": 0.0, "TDError^2": NaN}
{"Iteration": 1, "Steps": 1999, "Epsilon": 0.810095, "Episodes": 114, "AverageReturn": 0.4, "AverageDiscountedReturn": 0.34133852686850935, "TDError^2": 0.010177643038332462}
{"Iteration": 2, "Steps": 2999, "Epsilon": 0.715095, "Episodes": 195, "AverageReturn": 0.2, "AverageDiscountedReturn": 0.18553721249088043, "TDError^2": 0.015409750863909721}
{"Iteration": 3, "Steps": 3999, "Epsilon": 0.6200950000000001, "Episodes": 280, "AverageReturn": 0.5, "AverageDiscountedReturn": 0.4385640105391704, "TDError^2": 0.021492302417755127}
{"Iteration": 4, "Steps": 4999, "Epsilon": 0.5250950000000001, "Episodes": 374, "AverageReturn": 0.6, "AverageDiscountedReturn": 0.5399390997075305, "TDError^2": 0.0235244520008564}
{"Iteration": 5, "Steps": 5999, "Epsilon": 0.430095, "Episodes": 468, "AverageReturn": 0.7, "AverageDiscountedReturn": 0.6219650384110753, "TDError^2": 0.019028373062610626}
{"Iteration": 6, "Steps": 6999, "Epsilon": 0.33509500000000003, "Episodes": 584, "AverageReturn": 0.7, "AverageDiscountedReturn": 0.6628495746807989, "TDError^2": 0.027904240414500237}
{"Iteration": 7, "Steps": 7999, "Epsilon": 0.24009499999999995, "Episodes": 717, "AverageReturn": 0.8, "AverageDiscountedReturn": 0.7430055968710421, "TDError^2": 0.023279154673218727}
{"Iteration": 8, "Steps": 8999, "Epsilon": 0.14509499999999997, "Episodes": 861, "AverageReturn": 1.0, "AverageDiscountedReturn": 0.9387689737697201, "TDError^2": 0.022826287895441055}
{"Iteration": 9, "Steps": 9999, "Epsilon": 0.050095, "Episodes": 1018, "AverageReturn": 0.9, "AverageDiscountedReturn": 0.8558910449099999, "TDError^2": 0.02208689972758293}
{"Iteration": 10, "Steps": 10999, "Epsilon": 0.050000000000000044, "Episodes": 1178, "AverageReturn": 1.0, "AverageDiscountedReturn": 0.946254119451498, "TDError^2": 0.025169847533106804}
{"Iteration": 11, "Steps": 11999, "Epsilon": 0.050000000000000044, "Episodes": 1337, "AverageReturn": 1.0, "AverageDiscountedReturn": 0.948146589650799, "TDError^2": 0.021524040028452873}
{"Iteration": 12, "Steps": 12999, "Epsilon": 0.050000000000000044, "Episodes": 1496, "AverageReturn": 0.9, "AverageDiscountedReturn": 0.8558910449099999, "TDError^2": 0.018436573445796967}
{"Iteration": 13, "Steps": 13999, "Epsilon": 0.050000000000000044, "Episodes": 1654, "AverageReturn": 1.0, "AverageDiscountedReturn": 0.9462541194514978, "TDError^2": 0.01629989966750145}
{"Iteration": 14, "Steps": 14999, "Epsilon": 0.050000000000000044, "Episodes": 1813, "AverageReturn": 0.9, "AverageDiscountedReturn": 0.852106104511398, "TDError^2": 0.011921404860913754}
{"Iteration": 15, "Steps": 15999, "Epsilon": 0.050000000000000044, "Episodes": 1976, "AverageReturn": 1.0, "AverageDiscountedReturn": 0.9472051095013979, "TDError^2": 0.008866219781339169}
{"Iteration": 16, "Steps": 16999, "Epsilon": 0.050000000000000044, "Episodes": 2136, "AverageReturn": 0.9, "AverageDiscountedReturn": 0.8558910449099999, "TDError^2": 0.00625882763415575}
{"Iteration": 17, "Steps": 17999, "Epsilon": 0.050000000000000044, "Episodes": 2297, "AverageReturn": 1.0, "AverageDiscountedReturn": 0.9490975797006989, "TDError^2": 0.004570325370877981}
{"Iteration": 18, "Steps": 18999, "Epsilon": 0.050000000000000044, "Episodes": 2456, "AverageReturn": 1.0, "AverageDiscountedReturn": 0.945350299459063, "TDError^2": 0.003162564244121313}
{"Iteration": 19, "Steps": 19999, "Epsilon": 0.050000000000000044, "Episodes": 2616, "AverageReturn": 1.0, "AverageDiscountedReturn": 0.946254119451498, "TDError^2": 0.0021009857300668955}
{"Iteration": 20, "Steps": 20999, "Epsilon": 0.050000000000000044, "Episodes": 2777, "AverageReturn": 1.0, "AverageDiscountedReturn": 0.9500390598501, "TDError^2": 0.0017000138759613037}
{"Iteration": 21, "Steps": 21999, "Epsilon": 0.050000000000000044, "Episodes": 2937, "AverageReturn": 1.0, "AverageDiscountedReturn": 0.9462730441534909, "TDError^2": 0.0012761226389557123}
{"Iteration": 22, "Steps": 22999, "Epsilon": 0.050000000000000044, "Episodes": 3099, "AverageReturn": 1.0, "AverageDiscountedReturn": 0.9490880698002, "TDError^2": 0.0009579749312251806}
{"Iteration": 23, "Steps": 23999, "Epsilon": 0.050000000000000044, "Episodes": 3260, "AverageReturn": 1.0, "AverageDiscountedReturn": 0.9500390598501, "TDError^2": 0.0007134706247597933}
{"Iteration": 24, "Steps": 24999, "Epsilon": 0.050000000000000044, "Episodes": 3420, "AverageReturn": 1.0, "AverageDiscountedReturn": 0.9500390598501, "TDError^2": 0.0006392106879502535}
{"Iteration": 25, "Steps": 25999, "Epsilon": 0.050000000000000044, "Episodes": 3581, "AverageReturn": 1.0, "AverageDiscountedReturn": 0.9509900498999999, "TDError^2": 0.0004949936992488801}
{"Iteration": 26, "Steps": 26999, "Epsilon": 0.050000000000000044, "Episodes": 3740, "AverageReturn": 1.0, "AverageDiscountedReturn": 0.947195599600899, "TDError^2": 0.0004434938309714198}
{"Iteration": 27, "Steps": 27999, "Epsilon": 0.050000000000000044, "Episodes": 3900, "AverageReturn": 1.0, "AverageDiscountedReturn": 0.948146589650799, "TDError^2": 0.00035649893106892705}
{"Iteration": 28, "Steps": 28999, "Epsilon": 0.050000000000000044, "Episodes": 4058, "AverageReturn": 1.0, "AverageDiscountedReturn": 0.9490975797006989, "TDError^2": 0.0003933815751224756}
{"Iteration": 29, "Steps": 29999, "Epsilon": 0.050000000000000044, "Episodes": 4218, "AverageReturn": 1.0, "AverageDiscountedReturn": 0.9509900498999999, "TDError^2": 0.0002654382260516286}
{"Iteration": 30, "Steps": 30999, "Epsilon": 0.050000000000000044, "Episodes": 4378, "AverageReturn": 1.0, "AverageDiscountedReturn": 0.9471955996008988, "TDError^2": 0.0002632224641274661}
{"Iteration": 31, "Steps": 31999, "Epsilon": 0.050000000000000044, "Episodes": 4539, "AverageReturn": 1.0, "AverageDiscountedReturn": 0.9471955996008988, "TDError^2": 0.0003362541028764099}
{"Iteration": 32, "Steps": 32999, "Epsilon": 0.050000000000000044, "Episodes": 4700, "AverageReturn": 1.0, "AverageDiscountedReturn": 0.948146589650799, "TDError^2": 0.0002924228901974857}
{"Iteration": 33, "Steps": 33999, "Epsilon": 0.050000000000000044, "Episodes": 4860, "AverageReturn": 1.0, "AverageDiscountedReturn": 0.9453220541035909, "TDError^2": 0.00015575990255456418}
{"Iteration": 34, "Steps": 34999, "Epsilon": 0.050000000000000044, "Episodes": 5018, "AverageReturn": 1.0, "AverageDiscountedReturn": 0.948146589650799, "TDError^2": 9.5593866717536e-05}
{"Iteration": 35, "Steps": 35999, "Epsilon": 0.050000000000000044, "Episodes": 5176, "AverageReturn": 1.0, "AverageDiscountedReturn": 0.9490975797006989, "TDError^2": 0.00011232137330807745}
{"Iteration": 36, "Steps": 36999, "Epsilon": 0.050000000000000044, "Episodes": 5336, "AverageReturn": 1.0, "AverageDiscountedReturn": 0.9500390598501, "TDError^2": 0.00010089309944305569}
{"Iteration": 37, "Steps": 37999, "Epsilon": 0.050000000000000044, "Episodes": 5497, "AverageReturn": 1.0, "AverageDiscountedReturn": 0.9509900498999999, "TDError^2": 7.114279287634417e-05}
{"Iteration": 38, "Steps": 38999, "Epsilon": 0.050000000000000044, "Episodes": 5656, "AverageReturn": 0.9, "AverageDiscountedReturn": 0.8502041244115979, "TDError^2": 4.6948331146268174e-05}
{"Iteration": 39, "Steps": 39999, "Epsilon": 0.050000000000000044, "Episodes": 5818, "AverageReturn": 1.0, "AverageDiscountedReturn": 0.9462541194514978, "TDError^2": 4.7440407797694206e-05}
{"Iteration": 40, "Steps": 40999, "Epsilon": 0.050000000000000044, "Episodes": 5977, "AverageReturn": 0.9, "AverageDiscountedReturn": 0.8511551144614978, "TDError^2": 2.7494246751302853e-05}
{"Iteration": 41, "Steps": 41999, "Epsilon": 0.050000000000000044, "Episodes": 6137, "AverageReturn": 0.9, "AverageDiscountedReturn": 0.853998574710699, "TDError^2": 2.403237704129424e-05}
{"Iteration": 42, "Steps": 42999, "Epsilon": 0.050000000000000044, "Episodes": 6299, "AverageReturn": 1.0, "AverageDiscountedReturn": 0.948146589650799,